Metric,Value
Accuracy,0.9455072463768116
Precision,0.9133333333333333
Recall,0.6284403669724771
F1 Score,0.7445652173913043
AUC-ROC,0.9286479608919842
Sensitivity,0.6284403669724771
